<?xml version="1.0" encoding="utf-8"?>
<!--/13006085/1070379/2.50/12/2/Integrated Circuit/-->
<quadcept_library>
  <setting unit="mil" />
  <textstyle name="Default" height="47.244094488189" strokewidth="7.8740157480315" charwidth="47.244094488189" />
  <textstyle name="Dimension" height="19.6850393700787" strokewidth="0" charwidth="19.6850393700787" />
  <textstyle name="H127W0635TH00762" height="50" strokewidth="3" charwidth="25" />
  <textstyle name="H15W15TH02" height="59.0551181102362" strokewidth="7.8740157480315" charwidth="59.0551181102362" />
  <padstyle name="r62.5_30" surface="True" plated="False" isvia="False" nopaste="False" nomask="True" complex="False" holesize="0">
    <padshape layer="TOP" shape="rectangle" width="11.811023622047" height="24.606299212598" />
    <padshape layer="TOP_SOLDER_MASK" shape="rectangle" width="19.685039370078" height="32.48031496063" />
    <padshape layer="TOP_SOLDER_PASTE" shape="rectangle" width="11.811023622047" height="24.606299212598" />
  </padstyle>
  <padstyle name="r80_62.5" surface="True" plated="False" isvia="False" nopaste="False" nomask="True" complex="False" holesize="0">
    <padshape layer="TOP" shape="rectangle" width="24.606299212598" height="31.496062992126" />
    <padshape layer="TOP_SOLDER_MASK" shape="rectangle" width="32.48031496063" height="39.370078740157" />
    <padshape layer="TOP_SOLDER_PASTE" shape="rectangle" width="24.606299212598" height="31.496062992126" />
  </padstyle>
  <padstyle name="r62.5_35" surface="True" plated="False" isvia="False" nopaste="False" nomask="True" complex="False" holesize="0">
    <padshape layer="TOP" shape="rectangle" width="13.779527559055" height="24.606299212598" />
    <padshape layer="TOP_SOLDER_MASK" shape="rectangle" width="21.653543307086" height="32.48031496063" />
    <padshape layer="TOP_SOLDER_PASTE" shape="rectangle" width="13.779527559055" height="24.606299212598" />
  </padstyle>
  <footprint name="MAX77827CEFDT" originx="0" originy="0" pickpointx="0" pickpointy="0">
    <pcbpin number="1" name="1" style="r62.5_30" originx="-48.740157480314" originy="19.685039370078" rotation="90" />
    <pcbpin number="2" name="2" style="r62.5_30" originx="-48.740157480314" originy="0" rotation="90" />
    <pcbpin number="3" name="3" style="r62.5_30" originx="-48.740157480314" originy="-19.685039370078" rotation="90" />
    <pcbpin number="4" name="4" style="r62.5_30" originx="-29.527559055118" originy="-48.740157480314" rotation="0" />
    <pcbpin number="5" name="5" style="r62.5_30" originx="-9.8425196850392" originy="-48.740157480314" rotation="0" />
    <pcbpin number="6" name="6" style="r80_62.5" originx="19.685039370078" originy="-48.740157480314" rotation="90" />
    <pcbpin number="7" name="8" style="r62.5_35" originx="48.700787401574" originy="-25.590551181102" rotation="90" />
    <pcbpin number="8" name="9" style="r62.5_35" originx="48.700787401574" originy="0" rotation="90" />
    <pcbpin number="9" name="10" style="r62.5_35" originx="48.700787401574" originy="25.590551181102" rotation="90" />
    <pcbpin number="10" name="11" style="r80_62.5" originx="19.685039370078" originy="48.700787401574" rotation="90" />
    <pcbpin number="11" name="13" style="r62.5_30" originx="-9.8425196850392" originy="48.700787401574" rotation="0" />
    <pcbpin number="12" name="14" style="r62.5_30" originx="-29.527559055118" originy="48.700787401574" rotation="0" />
    <line layer="TOP_ASSEMBLY" originx="-49.212598425196" originy="-49.212598425196" endx="49.212598425196" endy="-49.212598425196" width="3.9370078740157" />
    <line layer="TOP_ASSEMBLY" originx="49.212598425196" originy="-49.212598425196" endx="49.212598425196" endy="49.212598425196" width="3.9370078740157" />
    <line layer="TOP_ASSEMBLY" originx="49.212598425196" originy="49.212598425196" endx="-49.212598425196" endy="49.212598425196" width="3.9370078740157" />
    <line layer="TOP_ASSEMBLY" originx="-49.212598425196" originy="49.212598425196" endx="-49.212598425196" endy="-49.212598425196" width="3.9370078740157" />
    <line layer="TOP_PLACE_BOUND" originx="-100.3937007874" originy="100.3937007874" endx="100.3937007874" endy="100.3937007874" width="3.9370078740157" />
    <line layer="TOP_PLACE_BOUND" originx="100.3937007874" originy="100.3937007874" endx="100.3937007874" endy="-100.3937007874" width="3.9370078740157" />
    <line layer="TOP_PLACE_BOUND" originx="100.3937007874" originy="-100.3937007874" endx="-100.3937007874" endy="-100.3937007874" width="3.9370078740157" />
    <line layer="TOP_PLACE_BOUND" originx="-100.3937007874" originy="-100.3937007874" endx="-100.3937007874" endy="100.3937007874" width="3.9370078740157" />
    <line layer="TOP_SILKSCREEN" originx="-76.771653543306" originy="19.685039370078" endx="-76.771653543306" endy="19.685039370078" width="3.9370078740157" />
    <arc layer="TOP_SILKSCREEN" originx="-78.740157480314" originy="19.685039370078" startangle=".0" sweepangle="180.0" radius="1.9685039370079" width="3.9370078740157" />
    <line layer="TOP_SILKSCREEN" originx="-80.708661417322" originy="19.685039370078" endx="-80.708661417322" endy="19.685039370078" width="3.9370078740157" />
    <arc layer="TOP_SILKSCREEN" originx="-78.740157480314" originy="19.685039370078" startangle="180.0" sweepangle="180.0" radius="1.9685039370079" width="3.9370078740157" />
  </footprint>
  <symbol name="MAX77827CEFD+T" originx="0" originy="0">
    <line originx="200" originy="400" endx="1000" endy="400" width="0" />
    <line originx="1000" originy="-600" endx="1000" endy="400" width="0" />
    <line originx="1000" originy="-600" endx="200" endy="-600" width="0" />
    <line originx="200" originy="400" endx="200" endy="-600" width="0" />
    <sympin number="1" originx="200" originy="0" rotation="180" length="100" width="7.8740157480315" flipped="False">
      <text name="pinname" originx="230" originy="0" style="Default" rotation="0" justify="left" flipped="False" hidden="False" data="SEL" />
      <text name="pindes" originx="140" originy="20" style="Default" rotation="0" justify="lowerright" flipped="False" hidden="False" data="1" />
    </sympin>
    <sympin number="2" originx="200" originy="-100" rotation="180" length="100" width="7.8740157480315" flipped="False">
      <text name="pinname" originx="230" originy="-100" style="Default" rotation="0" justify="left" flipped="False" hidden="False" data="POK" />
      <text name="pindes" originx="140" originy="-80" style="Default" rotation="0" justify="lowerright" flipped="False" hidden="False" data="2" />
    </sympin>
    <sympin number="3" originx="200" originy="-200" rotation="180" length="100" width="7.8740157480315" flipped="False">
      <text name="pinname" originx="230" originy="-200" style="Default" rotation="0" justify="left" flipped="False" hidden="False" data="EN" />
      <text name="pindes" originx="140" originy="-180" style="Default" rotation="0" justify="lowerright" flipped="False" hidden="False" data="3" />
    </sympin>
    <sympin number="4" originx="500" originy="-600" rotation="270" length="100" width="7.8740157480315" flipped="False">
      <text name="pinname" originx="500" originy="-570" style="Default" rotation="0" justify="left" flipped="False" hidden="False" data="AGND" />
      <text name="pindes" originx="480" originy="-660" style="Default" rotation="0" justify="lowerright" flipped="False" hidden="False" data="4" />
    </sympin>
    <sympin number="5" originx="600" originy="-600" rotation="270" length="100" width="7.8740157480315" flipped="False">
      <text name="pinname" originx="600" originy="-570" style="Default" rotation="0" justify="left" flipped="False" hidden="False" data="BIAS" />
      <text name="pindes" originx="580" originy="-660" style="Default" rotation="0" justify="lowerright" flipped="False" hidden="False" data="5" />
    </sympin>
    <sympin number="6" originx="700" originy="-600" rotation="270" length="100" width="7.8740157480315" flipped="False">
      <text name="pinname" originx="700" originy="-570" style="Default" rotation="0" justify="left" flipped="False" hidden="False" data="IN" />
      <text name="pindes" originx="680" originy="-660" style="Default" rotation="0" justify="lowerright" flipped="False" hidden="False" data="6" />
    </sympin>
    <sympin number="8" originx="1000" originy="-200" rotation="0" length="100" width="7.8740157480315" flipped="False">
      <text name="pinname" originx="970" originy="-200" style="Default" rotation="0" justify="right" flipped="False" hidden="False" data="LX1" />
      <text name="pindes" originx="1060" originy="-180" style="Default" rotation="0" justify="lowerleft" flipped="False" hidden="False" data="8" />
    </sympin>
    <sympin number="9" originx="1000" originy="-100" rotation="0" length="100" width="7.8740157480315" flipped="False">
      <text name="pinname" originx="970" originy="-100" style="Default" rotation="0" justify="right" flipped="False" hidden="False" data="PGND" />
      <text name="pindes" originx="1060" originy="-80" style="Default" rotation="0" justify="lowerleft" flipped="False" hidden="False" data="9" />
    </sympin>
    <sympin number="10" originx="1000" originy="0" rotation="0" length="100" width="7.8740157480315" flipped="False">
      <text name="pinname" originx="970" originy="0" style="Default" rotation="0" justify="right" flipped="False" hidden="False" data="LX2" />
      <text name="pindes" originx="1060" originy="20" style="Default" rotation="0" justify="lowerleft" flipped="False" hidden="False" data="10" />
    </sympin>
    <sympin number="11" originx="700" originy="400" rotation="90" length="100" width="7.8740157480315" flipped="False">
      <text name="pinname" originx="700" originy="370" style="Default" rotation="0" justify="right" flipped="False" hidden="False" data="OUT" />
      <text name="pindes" originx="680" originy="460" style="Default" rotation="0" justify="lowerleft" flipped="False" hidden="False" data="11" />
    </sympin>
    <sympin number="13" originx="600" originy="400" rotation="90" length="100" width="7.8740157480315" flipped="False">
      <text name="pinname" originx="600" originy="370" style="Default" rotation="0" justify="right" flipped="False" hidden="False" data="OUTS" />
      <text name="pindes" originx="580" originy="460" style="Default" rotation="0" justify="lowerleft" flipped="False" hidden="False" data="13" />
    </sympin>
    <sympin number="14" originx="500" originy="400" rotation="90" length="100" width="7.8740157480315" flipped="False">
      <text name="pinname" originx="500" originy="370" style="Default" rotation="0" justify="right" flipped="False" hidden="False" data="FPWM" />
      <text name="pindes" originx="480" originy="460" style="Default" rotation="0" justify="lowerleft" flipped="False" hidden="False" data="14" />
    </sympin>
  </symbol>
  <component name="MAX77827CEFD+T" designatorprefix="IC" height="23.622047244094" footprint="MAX77827CEFDT">
    <comppin designator="1" sympin="1" pinswap="0" gateswap="0" gate="1" group="1" side="" type="Any" name="SEL" />
    <comppin designator="2" sympin="2" pinswap="0" gateswap="0" gate="1" group="1" side="" type="Any" name="POK" />
    <comppin designator="3" sympin="3" pinswap="0" gateswap="0" gate="1" group="1" side="" type="Any" name="EN" />
    <comppin designator="4" sympin="4" pinswap="0" gateswap="0" gate="1" group="1" side="" type="Any" name="AGND" />
    <comppin designator="5" sympin="5" pinswap="0" gateswap="0" gate="1" group="1" side="" type="Any" name="BIAS" />
    <comppin designator="6" sympin="6" pinswap="0" gateswap="0" gate="1" group="1" side="" type="Any" name="IN" />
    <comppin designator="8" sympin="8" pinswap="0" gateswap="0" gate="1" group="1" side="" type="Any" name="LX1" />
    <comppin designator="9" sympin="9" pinswap="0" gateswap="0" gate="1" group="1" side="" type="Any" name="PGND" />
    <comppin designator="10" sympin="10" pinswap="0" gateswap="0" gate="1" group="1" side="" type="Any" name="LX2" />
    <comppin designator="11" sympin="11" pinswap="0" gateswap="0" gate="1" group="1" side="" type="Any" name="OUT" />
    <comppin designator="13" sympin="13" pinswap="0" gateswap="0" gate="1" group="1" side="" type="Any" name="OUTS" />
    <comppin designator="14" sympin="14" pinswap="0" gateswap="0" gate="1" group="1" side="" type="Any" name="FPWM" />
    <attached_symbol gate="1" name="MAX77827CEFD+T" />
    <pinmap designator="1" footprintpin="1" />
    <pinmap designator="2" footprintpin="2" />
    <pinmap designator="3" footprintpin="3" />
    <pinmap designator="4" footprintpin="4" />
    <pinmap designator="5" footprintpin="5" />
    <pinmap designator="6" footprintpin="6" />
    <pinmap designator="8" footprintpin="7" />
    <pinmap designator="9" footprintpin="8" />
    <pinmap designator="10" footprintpin="9" />
    <pinmap designator="11" footprintpin="10" />
    <pinmap designator="13" footprintpin="11" />
    <pinmap designator="14" footprintpin="12" />
    <text name="Datasheet" originx="0" originy="0" style="Default" rotation="0" justify="" flipped="False" hidden="True" data="https://www.analog.com/MAX77827/datasheet" />
    <text name="Description" originx="0" originy="0" style="Default" rotation="0" justify="" flipped="False" hidden="True" data="5.5V Input, 1.8A/3.1A Switch Buck-Boost Converter with 6uA IQ" />
    <text name="Mouser Part Number" originx="0" originy="0" style="Default" rotation="0" justify="" flipped="False" hidden="True" data="700-MAX77827CEFD+T" />
    <text name="Mouser Price/Stock" originx="0" originy="0" style="Default" rotation="0" justify="" flipped="False" hidden="True" data="https://www.mouser.co.uk/ProductDetail/Analog-Devices-Maxim-Integrated/MAX77827CEFD%2bT?qs=7MVldsJ5UaxDaeOSCVH4TQ%3D%3D" />
    <text name="Manufacturer_Name" originx="0" originy="0" style="Default" rotation="0" justify="" flipped="False" hidden="True" data="Analog Devices" />
    <text name="Manufacturer_Part_Number" originx="1050" originy="500" style="Default" rotation="0" justify="left" flipped="False" hidden="False" data="MAX77827CEFD+T" />
  </component>
</quadcept_library>
